timestamp,title,price,original_price,shipping,item_url
2026-03-11 04:22:33,"Sony Xperia 10 IV 5G XQ-CC54 128GB 6.0"" Android Global SmartPhone",US $171.58,N/A,Free shipping,N/A
2026-03-11 04:22:33,Nokia 1209 - Midnight Blue (Unlocked) Cellular Phone,US $36.97,"US $40.18 | 8% OFF
Previous price: US $40.18 8% off",Free shipping,N/A
2026-03-11 04:22:33,"Cartine Rizla Liquorice Corte – Gusto Naturale Liquirizia, 50 Libretti",US $35.94,N/A,Free shipping,N/A
2026-03-11 04:22:33,Honor Magic V 5G 512GB Google Android 12 Snapdragon Foldable Phone,US $540.76,N/A,Free shipping,N/A
2026-03-11 04:22:33,N/A,N/A,N/A,N/A,N/A
2026-03-11 04:22:33,Lenvo ThinkPad T540P i7 8GB 240GB SSD 15.6 Zoll 1920x1080p Windows 11 - Office,US $230.70,N/A,N/A,N/A
2026-03-11 04:22:33,HP Elitebook 840 G8 i7-11651G7 2.8GHz 16 GB RAM 512 GB SSD Laptop,US $299.99,N/A,N/A,N/A
2026-03-11 04:22:33,"Lenovo Thinkpad X1 Fold G2, Fold 16 LTE 5G 2TB i7 16-32GB Foldable OLED Pen Gar","US $1,699.96",N/A,N/A,N/A
2026-03-11 04:22:33,"Red Fury Panasonic Toughbook CF-31 i5, 16GB, 1TB SSD, TouchScreen, GPS, 4G/LTE",US $580.50,N/A,N/A,N/A
2026-03-11 04:22:33,N/A,N/A,N/A,N/A,N/A
2026-03-11 04:22:33,3.5mm Microphone Adapter for DJI Osmo Action 4 and 5 USB C Charging Port,US $28.49,N/A,N/A,N/A
2026-03-11 04:22:33,8K 2.1 Micro HDMI to Full HDMI Braided Coiled Cable for Atomos Ninja V 4K 60P,US $19.99,N/A,Free shipping,N/A
2026-03-11 04:22:33,"Verre dépoli 8x10"" | Verre de visée (20,3x25,4cm) FAIT MAIN (ou sur mesure)",US $63.75,N/A,N/A,N/A
2026-03-11 04:22:33,2 Pairs Genuine DJI Matrice 4 Series Low-Noise Propellers (pair) CW & CCW,US $40.89,N/A,N/A,N/A
2026-03-11 04:22:33,N/A,N/A,N/A,N/A,N/A
2026-03-11 04:22:33,"Jensen Transformers CI-2MINI Hum/Buzz Eliminator/Isolator - mobile, computer",US $239.99,N/A,N/A,N/A
2026-03-11 04:22:33,"CORREAS, RODILLO Y IDLER PIONEER CT-757",US $20.97,N/A,N/A,N/A
2026-03-11 04:22:33,New Genuine MR22GA AKB76039907 For LG Magic Bluetooth Voice TV Remote Control,US $25.83,"US $28.70 | 10% OFF
Previous price: US $28.70 10% off",Free shipping,N/A
2026-03-11 04:22:33,NP-12LP NP12LP NEC Projector Lamp,US $61.00,N/A,N/A,N/A
2026-03-11 04:22:33,N/A,N/A,N/A,N/A,N/A
2026-03-11 04:22:33,Banhammer Plushie - PHIGHTING - MAKESHIP,US $139.10,N/A,N/A,N/A
2026-03-11 04:22:33,Prototype Biohazard Bundle (2 Game) Xbox One Series X|S Ke.y VPN NO DISC,US $23.17,N/A,N/A,N/A
2026-03-11 04:22:33,🔥UPGRADED TITAN CLOCKMAN🔥TOILET TOWER DEFENSE - TTD UNIT - ULTIMATE!⚡💸,US $8.02,N/A,N/A,N/A
2026-03-11 04:22:33,"NGC - Mario Party 5 - (OVP, mit Anleitung)",US $57.91,N/A,N/A,N/A
2026-03-11 04:22:33,N/A,N/A,N/A,N/A,N/A
2026-03-11 04:22:33,Case RIMOWA For iPhone 17 Pro - Aluminium!,US $150.71,N/A,N/A,N/A
2026-03-11 04:22:33,Original Genuine OEM Apple AirTag Loop / AirTag Leather Key Ring / Leather Loop,US $19.85,N/A,N/A,N/A
2026-03-11 04:22:33,Unused Black Jabra Classic Bluetooth Wireless HEADSET ONLY in Bulk Packaging,US $39.99,N/A,N/A,N/A
2026-03-11 04:22:33,SYNCO XView M4 Kabelloser Selfie-Monitor für iPhone & Android-Smartphone,US $57.91,N/A,N/A,N/A
2026-03-11 04:22:33,N/A,N/A,N/A,N/A,N/A
2026-03-11 04:22:33,The Most User-Friendly RaceBox Mini Mount Ever,US $23.00,N/A,N/A,N/A
2026-03-11 04:22:33,"JBL CLUB-82 8"" Marine Audio Speakers, Pair, 150W – White/Gray Grills",US $199.00,N/A,N/A,N/A
2026-03-11 04:22:33,Micodus 4G GPS Tracker MV810G Cut Off Fuel Multiple Anti-theft Alarms,US $28.59,N/A,N/A,N/A
2026-03-11 04:22:33,"12"" Streaming Rear Camera Mirror with GPS Wifi Car DVR 4 Cameras 360 degree View",US $169.47,"US $269.00 | 37% OFF
Previous price: US $269.00 37% off",Free shipping,N/A
2026-03-11 04:22:33,N/A,N/A,N/A,N/A,N/A
2026-03-11 04:22:33,"FESTPLATTE FUJITSU A3C40096035 S26361-H1036-V100 146GB 15000U/min SAS 3.5"" Zoll",US $56.81,N/A,N/A,N/A
2026-03-11 04:22:33,DSLRKIT USB3.0 128GB USB Flash Drives Slim Thumb Mini Nano Micro Waterproof,US $26.99,N/A,N/A,N/A
2026-03-11 04:22:33,Cuter Bunny Cute Easter Funny USB Stick Various Capacities,US $17.41,N/A,Free shipping,N/A
2026-03-11 04:22:33,872479-B21 For HPE 1.2TB SAS 12G 10K 2.5 HDD SFF SC DS ENT 872737-001 872285-002,US $80.65,N/A,Free shipping,N/A
2026-03-11 04:22:33,N/A,N/A,N/A,N/A,N/A
2026-03-11 04:22:33,Shipping fee payment,US $170.00,N/A,Free shipping,N/A
2026-03-11 04:22:33,Original Xerox 006R01464 WorkCentre 7120 Toner cyan neu B,US $103.18,N/A,N/A,N/A
2026-03-11 04:22:33,Original Power Supply Board For Intermec PX4ie PX6ie Printer 1-971132-004FRE,US $329.00,N/A,N/A,N/A
2026-03-11 04:22:33,50x étiquette compatible avec Dymo 99012 36mm x 89mm 260 étiquettes par rouleau,US $103.51,N/A,N/A,N/A
2026-03-11 04:22:33,N/A,N/A,N/A,N/A,N/A
2026-03-11 04:22:33,NEW Apple iPod Classic 5th 6th 7th Generation 128GB 256GB 1TB Gray Silver Modded,US $173.00,N/A,Free shipping,N/A
2026-03-11 04:22:33,Sony Walkman Genuine Accessories NW-ZX707 Leather Case Black CKL-NWZX700,US $67.83,N/A,N/A,N/A
2026-03-11 04:22:33,SONY WALKMAN NW-ZX707 64GB Hi-Res ZX Series Audio Player Black From Japan,US $626.98,N/A,Free shipping,N/A
2026-03-11 04:22:33,Sony WF-XB700 Blue True Wireless Earbuds Bluetooth Extra Bass In-Ear Mic Used,US $95.99,N/A,N/A,N/A
2026-03-11 04:22:33,N/A,N/A,N/A,N/A,N/A
2026-03-11 04:22:33,"CANON EF 24 mm 1:2,8",US $168.10,N/A,N/A,N/A
2026-03-11 04:22:33,New VOIGTLANDER NOKTON 40mm F1.2 Aspherical Lens for Nikon Z,US $707.64,N/A,N/A,N/A
2026-03-11 04:22:33,55mm Video Lens Hood Sony FDR-AX40 FDR-AX53 camcorder shade AX53 AX40 FDR AX43,US $39.99,N/A,N/A,N/A
2026-03-11 04:22:33,CANON RF-S10-18mm F4.5-6.3 IS STM Ultra Wide Zoom for RF Mount Lightweight,US $167.20,"US $311.25 | 46% OFF
Previous price: US $311.25 46% off",N/A,N/A
2026-03-11 04:22:33,N/A,N/A,N/A,N/A,N/A
2026-03-11 04:22:33,"AM Transmitter - Stream to Your Vintage Tube Radio - 3.5mm Aux, Mp3, Bluetooth",US $49.95,N/A,N/A,N/A
2026-03-11 04:22:33,"Jensen Transformers CI-2MINI Hum/Buzz Eliminator/Isolator - mobile, computer",US $239.99,N/A,N/A,N/A
2026-03-11 04:22:33,NEW Apple iPod Classic 5th 6th 7th Generation 128GB 256GB 1TB Gray Silver Modded,US $173.00,N/A,Free shipping,N/A
2026-03-11 04:22:33,Sony Walkman Genuine Accessories NW-ZX707 Leather Case Black CKL-NWZX700,US $67.83,N/A,N/A,N/A
2026-03-11 04:22:33,N/A,N/A,N/A,N/A,N/A
2026-03-11 04:22:33,Max Verstappen Red Bull Formula 1 F1 Vinyl Figure 15 cm x 12 cm Funko Pop 72617,US $37.50,N/A,N/A,N/A
2026-03-11 04:22:33,Married With Children ~ Complete 5th Fifth Season 5 Five~ NEW 3-DISC DVD SET 11z,US $10.95,"US $29.95 | 63% OFF
Previous price: US $29.95 63% off",Free shipping,N/A
2026-03-11 04:22:33,TOUGH AND DEADLY (1995) --- Actionklassiker --- Rarität --- Uncut --- Neu & OVP,US $28.97,N/A,N/A,N/A
2026-03-11 04:22:33,The Pianist (4K UHD Blu-ray) Maureen Lipman Thomas Kretschmann Cyril Shaps,US $32.31,N/A,N/A,N/A
2026-03-11 04:22:33,N/A,N/A,N/A,N/A,N/A
2026-03-11 04:22:33,"Berserk XXL Mouse Pad - Your Desk w Guts, Griffith & Casca Desk mat",US $32.76,N/A,Free shipping,N/A
2026-03-11 04:22:33,EPOS Sennheiser SC 30 USB ML Monaural PC Headset Headphones for Skype 1000550,US $29.95,N/A,N/A,N/A
2026-03-11 04:22:33,Makima Chainsaw Man Mousepad Boobs 3D Ergonomic Wrist Rest,US $34.99,N/A,Free shipping,N/A
2026-03-11 04:22:33,"Laptop Stand, Foldable Adjustable, Ergonomic Aluminum Computer Tablet Stand Hold",US $22.00,N/A,N/A,N/A
2026-03-11 04:22:33,N/A,N/A,N/A,N/A,N/A
2026-03-11 04:22:33,Case RIMOWA For iPhone 17 Pro - Aluminium!,US $150.71,N/A,N/A,N/A
2026-03-11 04:22:33,Original Genuine OEM Apple AirTag Loop / AirTag Leather Key Ring / Leather Loop,US $19.85,N/A,N/A,N/A
2026-03-11 04:22:33,"top up 10€ credit any Estonia SIM card (Tele2, Elisa, Super, Zen, Telia Diil)",US $21.43,N/A,Free shipping,N/A
2026-03-11 04:22:33,"Sony Xperia 10 IV 5G XQ-CC54 128GB 6.0"" Android Global SmartPhone",US $171.58,N/A,Free shipping,N/A
2026-03-11 04:22:33,N/A,N/A,N/A,N/A,N/A
2026-03-11 04:22:33,1PCS NEW ABB ACS380-042N-05A6-4 Expedited Shipping FedEx/DHL,"US $1,150.00",N/A,Free shipping,N/A
2026-03-11 04:22:33,FUJITSU D2939-B17 GS1 2x 2011 INTEL C600 24x DDR3 FÜR PRIMERGY RX300 S8,US $137.96,N/A,N/A,N/A
2026-03-11 04:22:33,VMware vCenter Server 8 Standard/ 8 Enterprise Plus BUNDLE - Lifetime Licenses,US $156.51,N/A,Free shipping,N/A
2026-03-11 04:22:33,PSU Dell Force10 300W F2R Normal Flow 48V DC NMG1T,US $139.12,N/A,N/A,N/A
2026-03-11 04:22:33,N/A,N/A,N/A,N/A,N/A
